system,combined_position,fragment,fragment_position,residue,matrix_axis_used,md_summed_probability,gnn_summed_rawlike_score
frag4-7,1,Fragment 4,1,G,row,0.0,5.314898275900136e-05
frag4-7,2,Fragment 4,2,F,row,0.0028981412394660476,0.05127761726046549
frag4-7,3,Fragment 4,3,R,row,0.010084592745396,0.05181951385250347
frag4-7,4,Fragment 4,4,G,row,0.0,0.00013512247558247555
frag4-7,5,Fragment 4,5,G,row,0.0,0.00011809134478333279
frag4-7,6,Fragment 4,6,Y,row,0.0036787206909329505,0.04908795532146406
frag4-7,7,Fragment 4,7,D,row,0.0052400319912608,0.027806596336609236
frag4-7,8,Fragment 4,8,G,row,0.0,0.0006785339381711493
frag4-7,9,Fragment 4,9,Y,row,0.005523338746488554,0.054382171637407856
frag4-7,10,Fragment 4,10,R,row,0.010131683540105699,0.05203033313509747
frag4-7,11,Fragment 4,11,P,row,0.0,0.0015407911958486896
frag4-7,12,Fragment 4,12,S,row,0.0,0.0004263861456048343
frag4-7,13,Fragment 4,13,F,row,0.0041406371917912,0.044272159429283586
frag4-7,14,Fragment 4,14,S,row,0.0,0.00019834572514823136
frag4-7,15,Fragment 4,15,N,row,0.0,0.00011265853689936772
frag4-7,16,Fragment 4,16,T,row,0.0,0.0002240894588007274
frag4-7,17,Fragment 7,1,Q,column,0.0,3.1440043614702545e-05
frag4-7,18,Fragment 7,2,F,column,0.003278677531991043,0.04182599216710319
frag4-7,19,Fragment 7,3,S,column,0.0,0.00011364326538328263
frag4-7,20,Fragment 7,4,A,column,0.0,0.0007535698418651229
frag4-7,21,Fragment 7,5,P,column,0.0,0.0013838492596637778
frag4-7,22,Fragment 7,6,R,column,0.0099922399247032,0.04592975687743775
frag4-7,23,Fragment 7,7,D,column,0.0058988459250155,0.031207978716734204
frag4-7,24,Fragment 7,8,Y,column,0.002493678556101355,0.044134214015688344
frag4-7,25,Fragment 7,9,S,column,0.0,0.00034161798853580785
frag4-7,26,Fragment 7,10,G,column,0.0,0.00012450779508950727
frag4-7,27,Fragment 7,11,Y,column,0.003491271896457254,0.04422522922272465
frag4-7,28,Fragment 7,12,Q,column,0.0,0.0011352565079374077
frag4-7,29,Fragment 7,13,R,column,0.0076437960849717,0.04554687661947901
frag4-7,30,Fragment 7,14,D,column,0.0050879393921659,0.032786784943975765
frag4-7,31,Fragment 7,15,G,column,0.0,0.0008897343595271783
frag4-7,32,Fragment 7,16,Y,column,0.0038106968340353,0.04373306315166928
frag7-10,1,Fragment 7,1,Q,row,0.0,5.869574626142668e-06
frag7-10,2,Fragment 7,2,F,row,0.0033346473623852,0.005434655455033451
frag7-10,3,Fragment 7,3,S,row,0.0,1.9875753737075482e-05
frag7-10,4,Fragment 7,4,A,row,0.0,0.0001025379557371718
frag7-10,5,Fragment 7,5,P,row,0.0,0.0001374817896175036
frag7-10,6,Fragment 7,6,R,row,0.0,0.007369633254109208
frag7-10,7,Fragment 7,7,D,row,0.006166529290901999,0.0005040643524860299
frag7-10,8,Fragment 7,8,Y,row,0.0042583500573393,0.008124484966854471
frag7-10,9,Fragment 7,9,S,row,0.0,4.6513883351517666e-05
frag7-10,10,Fragment 7,10,G,row,0.0,1.9882928024850675e-05
frag7-10,11,Fragment 7,11,Y,row,0.0039752365252293,0.00814777687403276
frag7-10,12,Fragment 7,12,Q,row,0.0,0.00010140028093987489
frag7-10,13,Fragment 7,13,R,row,0.0,0.005483034466338744
frag7-10,14,Fragment 7,14,D,row,0.006224316704892801,0.000496735906263256
frag7-10,15,Fragment 7,15,G,row,0.0,9.394370635370895e-05
frag7-10,16,Fragment 7,16,Y,row,0.0061347238149846006,0.007384759973758066
frag7-10,17,Fragment 10,1,G,column,0.0,1.3436932504604067e-06
frag7-10,18,Fragment 10,2,Q,column,0.0,2.485611188667624e-07
frag7-10,19,Fragment 10,3,S,column,0.0,3.8956348913438e-07
frag7-10,20,Fragment 10,4,G,column,0.0,4.71640895178738e-07
frag7-10,21,Fragment 10,5,P,column,0.0,2.112338792034238e-05
frag7-10,22,Fragment 10,6,R,column,0.010603467842125099,0.02333189689704703
frag7-10,23,Fragment 10,7,G,column,0.0,2.3399259834232754e-07
frag7-10,24,Fragment 10,8,A,column,0.0,2.3945031573753017e-06
frag7-10,25,Fragment 10,9,P,column,0.0,3.534747184629606e-06
frag7-10,26,Fragment 10,10,R,column,0.0100270869170487,0.007299094096273171
frag7-10,27,Fragment 10,11,G,column,0.0,8.406114218954307e-07
frag7-10,28,Fragment 10,12,R,column,0.0094632489965594,0.01280077325732654
frag7-10,29,Fragment 10,13,G,column,0.0,1.5185479503274127e-07
frag7-10,30,Fragment 10,14,G,column,0.0,2.6479639982624025e-07
frag7-10,31,Fragment 10,15,P,column,0.0,4.266766502618934e-06
frag7-10,32,Fragment 10,16,P,column,0.0,5.622751883386999e-06
