system,combined_position,fragment,fragment_position,residue,md_summed_probability,gnn_summed_rawlike_score
frag4-7,1,Fragment 4,1,G,0.03480132,0.0015325476620344056
frag4-7,2,Fragment 4,2,F,0.06693204,0.002212931589222658
frag4-7,3,Fragment 4,3,R,0.06270194,0.001343274117738183
frag4-7,4,Fragment 4,4,G,0.03251032,0.0010817538513509723
frag4-7,5,Fragment 4,5,G,0.03750178,0.0010883833999394666
frag4-7,6,Fragment 4,6,Y,0.07414195,0.0018720269569888525
frag4-7,7,Fragment 4,7,D,0.04268132,0.0018157190721826636
frag4-7,8,Fragment 4,8,G,0.026579770000000003,0.0015116323177351517
frag4-7,9,Fragment 4,9,Y,0.06824232999999999,0.001957295401719715
frag4-7,10,Fragment 4,10,R,0.06794623,0.0014038443691673976
frag4-7,11,Fragment 4,11,P,0.04300195,0.0022079318377647107
frag4-7,12,Fragment 4,12,S,0.036386550000000004,0.0022195929180589
frag4-7,13,Fragment 4,13,F,0.06576618000000001,0.0025029614293009
frag4-7,14,Fragment 4,14,S,0.03384503,0.0022900106967417002
frag4-7,15,Fragment 4,15,N,0.04469099,0.002047982342307626
frag4-7,16,Fragment 4,16,T,0.04783207,0.0015919621499484837
frag4-7,17,Fragment 7,1,Q,0.06389169,0.0024926614192071995
frag4-7,18,Fragment 7,2,F,0.05969436,0.0023591739749528
frag4-7,19,Fragment 7,3,S,0.03832902,0.0020832921877728555
frag4-7,20,Fragment 7,4,A,0.02423072,0.001544262684066315
frag4-7,21,Fragment 7,5,P,0.03351142000000001,0.0017236728686834868
frag4-7,22,Fragment 7,6,R,0.04831897,0.001817492030444158
frag4-7,23,Fragment 7,7,D,0.03361416,0.0017621964515414476
frag4-7,24,Fragment 7,8,Y,0.07863629,0.0020820891861796412
frag4-7,25,Fragment 7,9,S,0.041241780000000006,0.0012224813423815967
frag4-7,26,Fragment 7,10,G,0.02923424,0.0011209775565655623
frag4-7,27,Fragment 7,11,Y,0.06861878000000002,0.0017346412634936857
frag4-7,28,Fragment 7,12,Q,0.041652039999999994,0.0018965444071212965
frag4-7,29,Fragment 7,13,R,0.04506784999999999,0.0016270929175075848
frag4-7,30,Fragment 7,14,D,0.04240031,0.0016026910167416869
frag4-7,31,Fragment 7,15,G,0.04314507,0.0015248138310558306
frag4-7,32,Fragment 7,16,Y,0.09397507,0.0020857669744866396
frag7-10,1,Fragment 7,1,Q,0.04059963,0.0013292764853100928
frag7-10,2,Fragment 7,2,F,0.05250979,0.001106712693814071
frag7-10,3,Fragment 7,3,S,0.02333371,0.0009715474314289167
frag7-10,4,Fragment 7,4,A,0.01570966,0.0007913630486582406
frag7-10,5,Fragment 7,5,P,0.015424750000000001,0.0010025524442897748
frag7-10,6,Fragment 7,6,R,0.025838,0.000946188419882647
frag7-10,7,Fragment 7,7,D,0.022109580000000004,0.0007330671754024675
frag7-10,8,Fragment 7,8,Y,0.05367287,0.0009035140643245542
frag7-10,9,Fragment 7,9,S,0.02370315,0.0004065282359952107
frag7-10,10,Fragment 7,10,G,0.017071330000000003,0.0002336183911829721
frag7-10,11,Fragment 7,11,Y,0.05726748,0.0006121287135028978
frag7-10,12,Fragment 7,12,Q,0.04087884,0.0007561766669969075
frag7-10,13,Fragment 7,13,R,0.04069251,0.0007973719477013219
frag7-10,14,Fragment 7,14,D,0.0417255,0.0006060297686490089
frag7-10,15,Fragment 7,15,G,0.0298219,0.0004063923448557034
frag7-10,16,Fragment 7,16,Y,0.06839685000000001,0.0009239184427424333
frag7-10,17,Fragment 10,1,G,0.02869228,0.0007282381719851401
frag7-10,18,Fragment 10,2,Q,0.04961684,0.000939822458632919
frag7-10,19,Fragment 10,3,S,0.04369715,0.0008267766197676808
frag7-10,20,Fragment 10,4,G,0.02726641,0.0008849210615007601
frag7-10,21,Fragment 10,5,P,0.04271536,0.0009531043564202262
frag7-10,22,Fragment 10,6,R,0.06414908999999999,0.0006642441407748265
frag7-10,23,Fragment 10,7,G,0.030338849999999997,0.0007720395013602684
frag7-10,24,Fragment 10,8,A,0.03155566,0.0006639657906489445
frag7-10,25,Fragment 10,9,P,0.035811319999999994,0.0008167298130865676
frag7-10,26,Fragment 10,10,R,0.05202719000000001,0.0005768544253078289
frag7-10,27,Fragment 10,11,G,0.021067779999999998,0.0005107286413476687
frag7-10,28,Fragment 10,12,R,0.05214051,0.00035940199872129595
frag7-10,29,Fragment 10,13,G,0.01956635,0.0005205314728009398
frag7-10,30,Fragment 10,14,G,0.019310559999999997,0.0007667047408904182
frag7-10,31,Fragment 10,15,P,0.02404015,0.001162974698672591
frag7-10,32,Fragment 10,16,P,0.02676005,0.0013793483828191443
