,SER1,ARG2,GLY3,VAL4,SER5,ARG6,GLY7,GLY8,SER9,ARG10,GLY11,ALA12,ARG13,GLY14,LEU15,MET16
SER1,0.0,0.0,0.0,1.5625e-05,9.375e-05,0.000125,2.34375e-05,6.25e-05,0.0,0.0,0.0,0.0,0.0,0.0,0.0,0.0
ARG2,0.0,0.0,0.0,0.0,0.0,7.8125e-05,0.000203125,0.0001484375,0.0001015625,0.000125,0.0001484375,1.5625e-05,0.0,0.0,0.0,0.0
GLY3,0.0,0.0,0.0,0.0,0.0,0.0,0.0,0.0,0.0,0.0,0.0,0.0,0.0,0.0,0.0,0.0
VAL4,0.0,0.0,0.0,0.0,0.0,0.0,0.0,0.0,0.0,0.0,0.0,0.0,0.0,0.0,0.0,0.0
SER5,0.0,0.0,0.0,0.0,0.0,0.0,0.0,0.0,0.0,0.0,0.0,0.0,0.0,0.0,0.0,0.0
ARG6,0.0,0.0,0.0,0.0,0.0,0.0,0.0,0.0,0.0,0.0,0.0,0.0,0.0,0.0,0.0,0.0
GLY7,0.0,0.0,0.0,0.0,0.0,0.0,0.0,0.0,0.0,0.0,0.0,0.0,0.0,0.0,0.0,0.0
GLY8,0.0,0.0,0.0,0.0,0.0,0.0,0.0,0.0,0.0,0.0,0.0,0.0,0.0,0.0,0.0,0.0
SER9,0.0,0.0,5.46875e-05,0.0,0.0,0.0,0.0,0.0,1.5625e-05,0.0,0.0,0.0,0.0,0.0,0.0,0.0
ARG10,0.0,3.90625e-05,2.34375e-05,0.0,0.0,0.0,0.0,0.0,0.0,0.0,0.0,0.0,0.0,0.0,0.0,0.0
GLY11,0.0,0.0,3.90625e-05,3.90625e-05,0.0,0.0,0.0,0.0,0.0,0.0,0.0,0.0,0.0,0.0,0.0,0.0
ALA12,0.0,0.0,7.8125e-06,3.125e-05,0.0,0.0,0.0,0.0,0.0,0.0,0.0,0.0,0.0,0.0,0.0,0.0
ARG13,1.5625e-05,0.0,0.0,0.0,0.0,0.0,0.0,0.0,0.0,0.0,0.0,0.0,0.0,0.0,0.0,5.46875e-05
GLY14,0.0,0.0,0.0,0.0,0.0,0.0,0.0,0.0,0.0,0.0,0.0,0.0,0.0,0.0,0.0,7.8125e-06
LEU15,5.46875e-05,0.0,0.0,0.0,0.0,0.0,0.0,0.0,0.0,0.0,0.0,0.0,0.0,0.0,0.0,0.00021875
MET16,6.25e-05,3.125e-05,9.375e-05,0.0,0.0,0.0,0.0,0.0,0.0,0.0,0.0,0.0,5.46875e-05,7.8125e-06,0.00021875,0.0
